LESSON,beginner-tinkercad-01,Welcome to Tinkercad,"Tinkercad adalah alat desain 3D gratis dari Autodesk yang berjalan langsung di browser. Di topik ini kamu akan mengenal Tinkercad, tampilan workspace-nya, dan membuat karya 3D pertamamu.",beginner,Tinkercad,1,20,100,,,,
NODE,beginner-tinkercad-01,node-01,lesson,Kenalan dengan Tinkercad,5,"Tinkercad adalah aplikasi desain 3D gratis dari Autodesk yang berjalan langsung di browser. Kamu tidak perlu menginstal apa pun — cukup buka tinkercad.com, login, lalu mulai mendesain. Di Tinkercad kamu membangun objek dengan menyusun bentuk-bentuk dasar (shapes) seperti kubus, bola, dan silinder.",,,,,,,
NODE,beginner-tinkercad-01,node-02,lesson,Lihat Tampilan Workspace,5,"Setelah membuka workspace baru kamu akan melihat 3 area utama: Toolbar di sisi kiri, Viewport (kanvas 3D) di tengah, dan Shapes Panel di sisi kanan.",,,,,,,
NODE,beginner-tinkercad-01,node-03,practice,Kenali Bagian Workspace,10,"Di manakah panel Shapes (tempat memilih bentuk) berada di workspace Tinkercad?",,,,,,"Kiri|Kanan|Atas|Bawah",Kanan
NODE,beginner-tinkercad-01,node-04,practice,Pemahaman Awal,10,"Manakah pernyataan yang BENAR tentang Tinkercad?",,,,,,"Harus diinstal di komputer dulu|Berjalan di browser dan gratis|Hanya bisa dipakai anak-anak|Hanya untuk profesional","Berjalan di browser dan gratis"
NODE,beginner-tinkercad-01,node-05,challenge,Mini Build - Desain Pertamamu,20,"Ikuti langkah berikut untuk membuat desain 3D pertamamu: (1) Buka tinkercad.com dan login. (2) Klik tombol Create New Design. (3) Setelah workspace terbuka, drag satu Cube dari Shapes Panel ke viewport. (4) Klik Cube tersebut lalu tekan Delete untuk menghapusnya. (5) Sekarang drag Cube baru ke viewport dan biarkan di sana. Selamat — karya 3D pertamamu sudah jadi!",,,,,,,
NODE,beginner-tinkercad-01,node-06,quiz,Uji Pengetahuanmu,0,,,,,,,,
QUIZ,beginner-tinkercad-01,q01,Apa itu Tinkercad?,Aplikasi desain 3D gratis berbasis browser,Aplikasi edit foto,Aplikasi coding Python,Game edukasi anak,Aplikasi desain 3D gratis berbasis browser,Tinkercad adalah aplikasi desain 3D gratis dari Autodesk yang berjalan langsung di browser tanpa perlu instalasi.,20
QUIZ,beginner-tinkercad-01,q02,Apakah Tinkercad perlu diinstal di komputer?,Ya wajib diinstal,Tidak berjalan di browser,Tergantung sistem operasi,Hanya versi berbayar yang bisa diinstal,Tidak berjalan di browser,Tinkercad sepenuhnya berbasis web — cukup buka browser dan login tanpa instalasi apa pun.,20
QUIZ,beginner-tinkercad-01,q03,Tinkercad dibuat oleh perusahaan apa?,Google,Microsoft,Autodesk,Adobe,Autodesk,Tinkercad dikembangkan oleh Autodesk — perusahaan di balik software profesional seperti AutoCAD dan Fusion 360.,20
QUIZ,beginner-tinkercad-01,q04,Di manakah panel Shapes berada di workspace Tinkercad?,Kiri,Kanan,Atas,Bawah,Kanan,Panel Shapes yang berisi kubus bola silinder dan bentuk dasar lainnya berada di sisi kanan workspace.,20
QUIZ,beginner-tinkercad-01,q05,Untuk memulai desain 3D baru di Tinkercad kamu mengklik...,Import File,Create New Design,Share,Settings,Create New Design,Setelah login ke Tinkercad klik tombol Create New Design di dashboard untuk membuka workspace kosong.,20